Setor,Etapa,Concluído (0/1),% Setor
OUVIDORIA,Lançamento dos cabos lógicos,1,64
OUVIDORIA,Lançamento do circuito elétrico,1,64
OUVIDORIA,Instalação das descidas,1,64
OUVIDORIA,Instalação das tomadas elétricas,1,64
OUVIDORIA,Instalação das tomadas lógicas,1,64
OUVIDORIA,Conectorização das tomadas lógicas,1,64
OUVIDORIA,Ativação dos pontos lógicos,1,64
OUVIDORIA,Ativação das tomadas elétricas,0,64
OUVIDORIA,Teste dos equipamentos,0,64
AGEPLANDI,Lançamento dos cabos lógicos,0,0
AGEPLANDI,Lançamento do circuito elétrico,0,0
AGEPLANDI,Instalação das descidas,0,0
AGEPLANDI,Instalação das tomadas elétricas,0,0
AGEPLANDI,Instalação das tomadas lógicas,0,0
AGEPLANDI,Conectorização das tomadas lógicas,0,0
AGEPLANDI,Ativação dos pontos lógicos,0,0
AGEPLANDI,Ativação das tomadas elétricas,0,0
AGEPLANDI,Teste dos equipamentos,0,0
GERSAT,Lançamento dos cabos lógicos,0,0
GERSAT,Lançamento do circuito elétrico,0,0
GERSAT,Instalação das descidas,0,0
GERSAT,Instalação das tomadas elétricas,0,0
GERSAT,Instalação das tomadas lógicas,0,0
GERSAT,Conectorização das tomadas lógicas,0,0
GERSAT,Ativação dos pontos lógicos,0,0
GERSAT,Ativação das tomadas elétricas,0,0
GERSAT,Teste dos equipamentos,0,0
SETAI,Lançamento dos cabos lógicos,0,0
SETAI,Lançamento do circuito elétrico,0,0
SETAI,Instalação das descidas,0,0
SETAI,Instalação das tomadas elétricas,0,0
SETAI,Instalação das tomadas lógicas,0,0
SETAI,Conectorização das tomadas lógicas,0,0
SETAI,Ativação dos pontos lógicos,0,0
SETAI,Ativação das tomadas elétricas,0,0
SETAI,Teste dos equipamentos,0,0
RENAVAM,Lançamento dos cabos lógicos,0,0
RENAVAM,Lançamento do circuito elétrico,0,0
RENAVAM,Instalação das descidas,0,0
RENAVAM,Instalação das tomadas elétricas,0,0
RENAVAM,Instalação das tomadas lógicas,0,0
RENAVAM,Conectorização das tomadas lógicas,0,0
RENAVAM,Ativação dos pontos lógicos,0,0
RENAVAM,Ativação das tomadas elétricas,0,0
RENAVAM,Teste dos equipamentos,0,0
COPROC,Lançamento dos cabos lógicos,0,0
COPROC,Lançamento do circuito elétrico,0,0
COPROC,Instalação das descidas,0,0
COPROC,Instalação das tomadas elétricas,0,0
COPROC,Instalação das tomadas lógicas,0,0
COPROC,Conectorização das tomadas lógicas,0,0
COPROC,Ativação dos pontos lógicos,0,0
COPROC,Ativação das tomadas elétricas,0,0
COPROC,Teste dos equipamentos,0,0
DIROP,Lançamento dos cabos lógicos,0,0
DIROP,Lançamento do circuito elétrico,0,0
DIROP,Instalação das descidas,0,0
DIROP,Instalação das tomadas elétricas,0,0
DIROP,Instalação das tomadas lógicas,0,0
DIROP,Conectorização das tomadas lógicas,0,0
DIROP,Ativação dos pontos lógicos,0,0
DIROP,Ativação das tomadas elétricas,0,0
DIROP,Teste dos equipamentos,0,0
CAEX,Lançamento dos cabos lógicos,0,0
CAEX,Lançamento do circuito elétrico,0,0
CAEX,Instalação das descidas,0,0
CAEX,Instalação das tomadas elétricas,0,0
CAEX,Instalação das tomadas lógicas,0,0
CAEX,Conectorização das tomadas lógicas,0,0
CAEX,Ativação dos pontos lógicos,0,0
CAEX,Ativação das tomadas elétricas,0,0
CAEX,Teste dos equipamentos,0,0
GRAVAMES,Lançamento dos cabos lógicos,0,0
GRAVAMES,Lançamento do circuito elétrico,0,0
GRAVAMES,Instalação das descidas,0,0
GRAVAMES,Instalação das tomadas elétricas,0,0
GRAVAMES,Instalação das tomadas lógicas,0,0
GRAVAMES,Conectorização das tomadas lógicas,0,0
GRAVAMES,Ativação dos pontos lógicos,0,0
GRAVAMES,Ativação das tomadas elétricas,0,0
GRAVAMES,Teste dos equipamentos,0,0
NUAVE,Lançamento dos cabos lógicos,0,0
NUAVE,Lançamento do circuito elétrico,0,0
NUAVE,Instalação das descidas,0,0
NUAVE,Instalação das tomadas elétricas,0,0
NUAVE,Instalação das tomadas lógicas,0,0
NUAVE,Conectorização das tomadas lógicas,0,0
NUAVE,Ativação dos pontos lógicos,0,0
NUAVE,Ativação das tomadas elétricas,0,0
NUAVE,Teste dos equipamentos,0,0
GERCONV,Lançamento dos cabos lógicos,0,0
GERCONV,Lançamento do circuito elétrico,0,0
GERCONV,Instalação das descidas,0,0
GERCONV,Instalação das tomadas elétricas,0,0
GERCONV,Instalação das tomadas lógicas,0,0
GERCONV,Conectorização das tomadas lógicas,0,0
GERCONV,Ativação dos pontos lógicos,0,0
GERCONV,Ativação das tomadas elétricas,0,0
GERCONV,Teste dos equipamentos,0,0
COREV,Lançamento dos cabos lógicos,0,0
COREV,Lançamento do circuito elétrico,0,0
COREV,Instalação das descidas,0,0
COREV,Instalação das tomadas elétricas,0,0
COREV,Instalação das tomadas lógicas,0,0
COREV,Conectorização das tomadas lógicas,0,0
COREV,Ativação dos pontos lógicos,0,0
COREV,Ativação das tomadas elétricas,0,0
COREV,Teste dos equipamentos,0,0
AGIN,Lançamento dos cabos lógicos,0,0
AGIN,Lançamento do circuito elétrico,0,0
AGIN,Instalação das descidas,0,0
AGIN,Instalação das tomadas elétricas,0,0
AGIN,Instalação das tomadas lógicas,0,0
AGIN,Conectorização das tomadas lógicas,0,0
AGIN,Ativação dos pontos lógicos,0,0
AGIN,Ativação das tomadas elétricas,0,0
AGIN,Teste dos equipamentos,0,0
OUVIDORIA,Conectorização dos cabos lógicos no patch painel,0,64
AGEPLANDI,Conectorização dos cabos lógicos no patch painel,0,0
GERSAT,Conectorização dos cabos lógicos no patch painel,0,0
SETAI,Conectorização dos cabos lógicos no patch painel,0,0
RENAVAM,Conectorização dos cabos lógicos no patch painel,0,0
DIROP,Conectorização dos cabos lógicos no patch painel,0,0
COPROC,Conectorização dos cabos lógicos no patch painel,0,0
CAEX,Conectorização dos cabos lógicos no patch painel,0,0
GRAVAMES,Conectorização dos cabos lógicos no patch painel,0,0
NUAVE,Conectorização dos cabos lógicos no patch painel,0,0
GERCONV,Conectorização dos cabos lógicos no patch painel,0,0
COREV,Conectorização dos cabos lógicos no patch painel,0,0
AGIN,Conectorização dos cabos lógicos no patch painel,0,0
OUVIDORIA,Ativação dos circuitos elétricos no quadro,0,64
AGEPLANDI,Ativação dos circuitos elétricos no quadro,0,0
GERSAT,Ativação dos circuitos elétricos no quadro,0,0
SETAI,Ativação dos circuitos elétricos no quadro,0,0
RENAVAM,Ativação dos circuitos elétricos no quadro,0,0
DIROP,Ativação dos circuitos elétricos no quadro,0,0
COPROC,Ativação dos circuitos elétricos no quadro,0,0
CAEX,Ativação dos circuitos elétricos no quadro,0,0
GRAVAMES,Ativação dos circuitos elétricos no quadro,0,0
NUAVE,Ativação dos circuitos elétricos no quadro,0,0
GERCONV,Ativação dos circuitos elétricos no quadro,0,0
COREV,Ativação dos circuitos elétricos no quadro,0,0
AGIN,Ativação dos circuitos elétricos no quadro,0,0
